,Unnamed: 0,id,folder_id,page_num,stem,label,merged_num_of_pages,logits_0,logits_1,prediction
0,0,TDJC01014,1,1,TDJC01014-1,0,25,-0.89735436,0.6031788,1.0
1,1,TDJC01014,1,0,TDJC01014-0,1,25,-0.5192548,0.24306138,1.0
2,2,TDJC00915,1,0,TDJC00915-0,1,25,-1.3861125,1.3816183,1.0
3,3,TDJC00915,1,1,TDJC00915-1,0,25,1.9663637,-1.8862734,0.0
4,4,TDJC00655,1,1,TDJC00655-1,0,25,1.3613384,-1.6688762,0.0
5,5,TDJC00655,1,0,TDJC00655-0,1,25,1.1049328,-1.0017954,0.0
6,6,TDJC00655,1,2,TDJC00655-2,0,25,0.8719777,-1.3396139,0.0
7,7,TDJC01079,1,0,TDJC01079-0,1,25,0.43035918,0.17087434,0.0
8,8,TDJC01079,1,1,TDJC01079-1,0,25,2.9005275,-3.0383892,0.0
9,9,TDJC00659,1,4,TDJC00659-4,0,25,-0.74725187,-0.22838421,1.0
10,10,TDJC00659,1,2,TDJC00659-2,0,25,0.23281336,0.29314813,1.0
11,11,TDJC00659,1,1,TDJC00659-1,0,25,4.428614,-3.7605953,0.0
12,12,TDJC00659,1,5,TDJC00659-5,0,25,3.7498794,-3.5732222,0.0
13,13,TDJC00659,1,3,TDJC00659-3,0,25,2.5394645,-3.2570772,0.0
14,14,TDJC00659,1,0,TDJC00659-0,1,25,-0.38544393,-0.0047748145,1.0
15,15,TDJC00909,1,5,TDJC00909-5,0,25,0.16315985,-0.06194894,0.0
16,16,TDJC00909,1,0,TDJC00909-0,1,25,0.97613525,-0.9395316,0.0
17,17,TDJC00909,1,1,TDJC00909-1,0,25,1.4268913,-1.1900446,0.0
18,18,TDJC00909,1,3,TDJC00909-3,0,25,1.357919,-1.7925334,0.0
19,19,TDJC00909,1,2,TDJC00909-2,0,25,0.29657042,0.11581625,0.0
20,20,TDJC00909,1,4,TDJC00909-4,0,25,2.3757138,-2.5717378,0.0
21,21,TDJC00793,1,0,TDJC00793,1,25,-1.1088562,0.55628955,1.0
22,22,TDJC01361,1,0,TDJC01361,1,25,-1.9235771,1.8301702,1.0
23,23,TDJC01679,1,1,TDJC01679-1,0,25,-0.1644766,0.23561431,1.0
24,24,TDJC01679,1,0,TDJC01679-0,1,25,1.3680995,-1.5458221,0.0
25,25,TDJC00793,2,0,TDJC00793,1,24,-2.4193306,1.4649261,1.0
26,26,TDJC00424,2,0,TDJC00424-0,1,24,-2.1719484,2.6351962,1.0
27,27,TDJC00424,2,1,TDJC00424-1,0,24,3.2672114,-3.9896307,0.0
28,28,TDJC01768,2,0,TDJC01768-0,1,24,-2.6425562,2.5170326,1.0
29,29,TDJC01768,2,1,TDJC01768-1,0,24,1.4434543,-1.6938195,0.0
30,30,TDJC01725,2,0,TDJC01725-0,1,24,-1.7532134,1.6823835,1.0
31,31,TDJC01725,2,1,TDJC01725-1,0,24,0.18396693,-0.65618986,0.0
32,32,TDJC00787,2,0,TDJC00787,1,24,-1.3997321,1.2520466,1.0
33,33,TDJC00612,2,0,TDJC00612,1,24,-2.603889,1.9406767,1.0
34,34,TDJC00499,2,5,TDJC00499-5,0,24,0.5652537,-1.0031778,0.0
35,35,TDJC00499,2,2,TDJC00499-2,0,24,-0.4598586,0.4964554,1.0
36,36,TDJC00499,2,0,TDJC00499-0,1,24,1.6743512,-1.5013692,0.0
37,37,TDJC00499,2,1,TDJC00499-1,0,24,1.3213525,-1.5347633,0.0
38,38,TDJC00499,2,4,TDJC00499-4,0,24,1.4973643,-1.1939938,0.0
39,39,TDJC00499,2,3,TDJC00499-3,0,24,1.0931113,-1.7222621,0.0
40,40,TDJC01281,2,0,TDJC01281,1,24,-0.4477238,0.35110864,1.0
41,41,TDJC00368,2,0,TDJC00368-0,1,24,3.7700815,-2.7778964,0.0
42,42,TDJC00368,2,1,TDJC00368-1,0,24,4.0159163,-4.475454,0.0
43,43,TDJC00915,2,0,TDJC00915-0,1,24,1.5491054,-1.5172479,0.0
44,44,TDJC00915,2,1,TDJC00915-1,0,24,2.0276997,-2.3320775,0.0
45,45,TDJC01725,2,0,TDJC01725-0,1,24,-1.7532134,1.6823835,1.0
46,46,TDJC01725,2,1,TDJC01725-1,0,24,0.18396693,-0.65618986,0.0
47,47,TDJC00719,2,0,TDJC00719,1,24,-2.9565096,2.5441573,1.0
48,48,TDJC00612,2,0,TDJC00612,1,24,-2.603889,1.9406767,1.0
49,49,TDJC01596,3,4,TDJC01596-4,0,38,3.5740952,-3.8833115,0.0
50,50,TDJC01596,3,5,TDJC01596-5,0,38,2.3766527,-2.301871,0.0
51,51,TDJC01596,3,7,TDJC01596-7,0,38,5.11356,-4.479467,0.0
52,52,TDJC01596,3,6,TDJC01596-6,0,38,2.8001747,-3.6992607,0.0
53,53,TDJC01596,3,0,TDJC01596-0,1,38,1.3334198,-1.3206508,0.0
54,54,TDJC01596,3,1,TDJC01596-1,0,38,2.8210459,-2.2415226,0.0
55,55,TDJC01596,3,2,TDJC01596-2,0,38,1.2784915,-1.965466,0.0
56,56,TDJC01596,3,3,TDJC01596-3,0,38,-1.0579,0.7714144,1.0
57,57,TDJC00830,3,0,TDJC00830,1,38,-2.2828412,2.079781,1.0
58,58,TDJC01195,3,0,TDJC01195-0,1,38,-0.84709793,0.7937667,1.0
59,59,TDJC01195,3,1,TDJC01195-1,0,38,1.1299542,-1.4577029,0.0
60,60,TDJC00659,3,4,TDJC00659-4,0,38,-1.0865763,0.46383572,1.0
61,61,TDJC00659,3,2,TDJC00659-2,0,38,0.2739466,0.060756184,0.0
62,62,TDJC00659,3,1,TDJC00659-1,0,38,4.3360257,-3.6475277,0.0
63,63,TDJC00659,3,5,TDJC00659-5,0,38,3.6858883,-3.4882858,0.0
64,64,TDJC00659,3,3,TDJC00659-3,0,38,2.3808517,-3.143356,0.0
65,65,TDJC00659,3,0,TDJC00659-0,1,38,-0.6398879,0.3011488,1.0
66,66,TDJC01659,3,1,TDJC01659-1,0,38,0.5110277,-0.8595806,0.0
67,67,TDJC01659,3,0,TDJC01659-0,1,38,2.483684,-2.2113168,0.0
68,68,TDJC00719,3,0,TDJC00719,1,38,-1.6711498,1.3015213,1.0
69,69,TDJC00613,3,0,TDJC00613-0,1,38,-2.9727254,2.5960531,1.0
70,70,TDJC00613,3,4,TDJC00613-4,0,38,-1.9193255,1.3311129,1.0
71,71,TDJC00613,3,1,TDJC00613-1,0,38,-0.93563753,0.3654772,1.0
72,72,TDJC00613,3,2,TDJC00613-2,0,38,-0.6060611,0.8459974,1.0
73,73,TDJC00613,3,3,TDJC00613-3,0,38,1.5744808,-1.943809,0.0
74,74,TDJC00468,3,0,TDJC00468,1,38,-2.4012625,2.048895,1.0
75,75,TDJC00719,3,0,TDJC00719,1,38,-1.6711498,1.3015213,1.0
76,76,TDJC00754,3,0,TDJC00754,1,38,-0.9462322,0.52795535,1.0
77,77,TDJC00468,3,0,TDJC00468,1,38,-2.4012625,2.048895,1.0
78,78,TDJC00203,3,1,TDJC00203-1,0,38,0.22903585,-0.30001014,0.0
79,79,TDJC00203,3,0,TDJC00203-0,1,38,1.6763531,-1.7486773,0.0
80,80,TDJC01659,3,1,TDJC01659-1,0,38,0.5110277,-0.8595806,0.0
81,81,TDJC01659,3,0,TDJC01659-0,1,38,2.483684,-2.2113168,0.0
82,82,TDJC00275,3,2,TDJC00275-2,0,38,4.0179653,-3.6234157,0.0
83,83,TDJC00275,3,3,TDJC00275-3,0,38,4.69574,-4.9655004,0.0
84,84,TDJC00275,3,0,TDJC00275-0,1,38,4.0937777,-3.8811235,0.0
85,85,TDJC00275,3,1,TDJC00275-1,0,38,4.8112917,-5.1322923,0.0
86,86,TDJC01390,3,0,TDJC01390,1,38,2.7091832,-2.8148062,0.0
87,87,TDJC00260,4,1,TDJC00260-1,0,26,4.9997525,-4.4084163,0.0
88,88,TDJC00260,4,0,TDJC00260-0,1,26,1.5019691,-2.516629,0.0
89,89,TDJC00074,4,0,TDJC00074,1,26,0.2747867,-0.08724706,0.0
90,90,TDJC01361,4,0,TDJC01361,1,26,1.1596314,-1.3747723,0.0
91,91,TDJC00659,4,4,TDJC00659-4,0,26,-0.60956573,0.06395323,1.0
92,92,TDJC00659,4,2,TDJC00659-2,0,26,0.37036276,-0.057820745,0.0
93,93,TDJC00659,4,1,TDJC00659-1,0,26,4.3594127,-3.6986003,0.0
94,94,TDJC00659,4,5,TDJC00659-5,0,26,3.8048916,-3.5621376,0.0
95,95,TDJC00659,4,3,TDJC00659-3,0,26,2.4986482,-3.293602,0.0
96,96,TDJC00659,4,0,TDJC00659-0,1,26,-0.8790873,0.20742919,1.0
97,97,TDJC00368,4,0,TDJC00368-0,1,26,-0.9598644,1.4601538,1.0
98,98,TDJC00368,4,1,TDJC00368-1,0,26,2.9574995,-3.0398617,0.0
99,99,TDJC01111,4,0,TDJC01111-0,1,26,1.1816137,-1.4647064,0.0
100,100,TDJC01111,4,1,TDJC01111-1,0,26,1.9557347,-1.8950827,0.0
101,101,TDJC00010,4,0,TDJC00010,1,26,1.3275518,-1.4022167,0.0
102,102,TDJC01361,4,0,TDJC01361,1,26,1.1596314,-1.3747723,0.0
103,103,TDJC01690,4,0,TDJC01690-0,1,26,1.2055256,-0.66739994,0.0
104,104,TDJC01690,4,1,TDJC01690-1,0,26,1.5898762,-1.9991724,0.0
105,105,TDJC00787,4,0,TDJC00787,1,26,1.0528181,-1.5611825,0.0
106,106,TDJC00787,4,0,TDJC00787,1,26,1.0528181,-1.5611825,0.0
107,107,TDJC00612,4,0,TDJC00612,1,26,-1.8407979,1.5925837,1.0
108,108,TDJC01446,4,0,TDJC01446,1,26,-0.43313718,-0.05793912,1.0
109,109,TDJC01670,4,0,TDJC01670-0,1,26,0.7134638,-0.273716,0.0
110,110,TDJC01670,4,1,TDJC01670-1,0,26,2.9731598,-2.8816457,0.0
111,111,TDJC01186,4,1,TDJC01186-1,0,26,0.6317626,-1.5557375,0.0
112,112,TDJC01186,4,0,TDJC01186-0,1,26,1.8962204,-1.0997596,0.0
113,113,TDJC01186,5,1,TDJC01186-1,0,38,-0.005400665,-0.12851374,0.0
114,114,TDJC01186,5,0,TDJC01186-0,1,38,0.82998085,-0.8031073,0.0
115,115,TDJC01249,5,0,TDJC01249-0,1,38,1.4443928,-1.3863208,0.0
116,116,TDJC01249,5,1,TDJC01249-1,0,38,2.217339,-1.8837472,0.0
117,117,TDJC00830,5,0,TDJC00830,1,38,1.4931159,-2.0465162,0.0
118,118,TDJC00212,5,1,TDJC00212-1,0,38,-0.006218441,-0.019878758,0.0
119,119,TDJC00212,5,0,TDJC00212-0,1,38,2.2321818,-2.1613326,0.0
120,120,TDJC01578,5,0,TDJC01578-0,1,38,3.0261211,-2.3326292,0.0
121,121,TDJC01578,5,1,TDJC01578-1,0,38,4.0255795,-4.468575,0.0
122,122,TDJC00807,5,0,TDJC00807,1,38,0.499138,-1.1097217,0.0
123,123,TDJC01388,5,0,TDJC01388,1,38,1.1064351,-1.3715897,0.0
124,124,TDJC00424,5,0,TDJC00424-0,1,38,3.0818398,-2.7898874,0.0
125,125,TDJC00424,5,1,TDJC00424-1,0,38,4.4371886,-4.81735,0.0
126,126,TDJC00379,5,0,TDJC00379-0,1,38,2.1524036,-2.259767,0.0
127,127,TDJC00379,5,1,TDJC00379-1,0,38,5.200256,-5.093095,0.0
128,128,TDJC00424,5,0,TDJC00424-0,1,38,3.0818398,-2.7898874,0.0
129,129,TDJC00424,5,1,TDJC00424-1,0,38,4.4371886,-4.81735,0.0
130,130,TDJC00909,5,5,TDJC00909-5,0,38,1.3982797,-1.940398,0.0
131,131,TDJC00909,5,0,TDJC00909-0,1,38,1.3605546,-1.3179064,0.0
132,132,TDJC00909,5,1,TDJC00909-1,0,38,1.7593324,-1.5670022,0.0
133,133,TDJC00909,5,3,TDJC00909-3,0,38,1.4062588,-1.9427695,0.0
134,134,TDJC00909,5,2,TDJC00909-2,0,38,0.60942036,-0.3237609,0.0
135,135,TDJC00909,5,4,TDJC00909-4,0,38,3.8236637,-3.5394483,0.0
136,136,TDJC00275,5,2,TDJC00275-2,0,38,1.1596148,-1.2991107,0.0
137,137,TDJC00275,5,3,TDJC00275-3,0,38,4.36548,-3.9383442,0.0
138,138,TDJC00275,5,0,TDJC00275-0,1,38,3.8524292,-3.6688209,0.0
139,139,TDJC00275,5,1,TDJC00275-1,0,38,4.079774,-4.3326983,0.0
140,140,TDJC00909,5,5,TDJC00909-5,0,38,1.3982797,-1.940398,0.0
141,141,TDJC00909,5,0,TDJC00909-0,1,38,1.3605546,-1.3179064,0.0
142,142,TDJC00909,5,1,TDJC00909-1,0,38,1.7593324,-1.5670022,0.0
143,143,TDJC00909,5,3,TDJC00909-3,0,38,1.4062588,-1.9427695,0.0
144,144,TDJC00909,5,2,TDJC00909-2,0,38,0.60942036,-0.3237609,0.0
145,145,TDJC00909,5,4,TDJC00909-4,0,38,3.8236637,-3.5394483,0.0
146,146,TDJC01079,5,0,TDJC01079-0,1,38,2.766784,-2.364543,0.0
147,147,TDJC01079,5,1,TDJC01079-1,0,38,3.1858897,-3.7344954,0.0
148,148,TDJC01390,5,0,TDJC01390,1,38,-0.7880708,0.2832652,1.0
149,149,TDJC00963,5,0,TDJC00963-0,1,38,-0.69025224,0.72615325,1.0
150,150,TDJC00963,5,1,TDJC00963-1,0,38,-0.77912134,0.56897813,1.0
151,151,TDJC01637,6,1,TDJC01637-1,0,24,-0.42153746,0.4715552,1.0
152,152,TDJC01637,6,0,TDJC01637-0,1,24,1.7863202,-1.652034,0.0
153,153,TDJC00271,6,1,TDJC00271-1,0,24,1.8428032,-1.9965622,0.0
154,154,TDJC00271,6,0,TDJC00271-0,1,24,2.270751,-2.3824716,0.0
155,155,TDJC01475,6,0,TDJC01475,1,24,3.5047827,-3.1588073,0.0
156,156,TDJC01281,6,0,TDJC01281,1,24,4.4326463,-4.2343335,0.0
157,157,TDJC00468,6,0,TDJC00468,1,24,3.8136454,-4.1805377,0.0
158,158,TDJC01475,6,0,TDJC01475,1,24,3.5047827,-3.1588073,0.0
159,159,TDJC01186,6,1,TDJC01186-1,0,24,3.6928635,-3.8400812,0.0
160,160,TDJC01186,6,0,TDJC01186-0,1,24,0.4096316,-1.0956986,0.0
161,161,TDJC01725,6,0,TDJC01725-0,1,24,-1.032671,1.2916689,1.0
162,162,TDJC01725,6,1,TDJC01725-1,0,24,0.19062394,-0.55449444,0.0
163,163,TDJC00740,6,1,TDJC00740-1,0,24,-1.1719844,1.3900938,1.0
164,164,TDJC00740,6,3,TDJC00740-3,0,24,1.3101141,-1.6504593,0.0
165,165,TDJC00740,6,0,TDJC00740-0,1,24,-0.8598633,0.7872668,1.0
166,166,TDJC00740,6,2,TDJC00740-2,0,24,0.5580902,-0.61565155,0.0
167,167,TDJC00010,6,0,TDJC00010,1,24,-0.20294413,0.055097446,1.0
168,168,TDJC00531,6,1,TDJC00531-1,0,24,-0.22598022,0.18661281,1.0
169,169,TDJC00531,6,0,TDJC00531-0,1,24,-0.115709566,0.06765338,1.0
170,170,TDJC01014,6,1,TDJC01014-1,0,24,0.0116574615,-0.22512585,0.0
171,171,TDJC01014,6,0,TDJC01014-0,1,24,-0.96376705,0.74865323,1.0
172,172,TDJC00655,6,1,TDJC00655-1,0,24,-2.0738926,1.9465377,1.0
173,173,TDJC00655,6,0,TDJC00655-0,1,24,-0.41423246,0.15690513,1.0
174,174,TDJC00655,6,2,TDJC00655-2,0,24,0.011501677,-0.27786866,0.0
175,175,TDJC00412,7,0,TDJC00412,1,26,-1.5675924,1.297626,1.0
176,176,TDJC01019,7,0,TDJC01019-0,1,26,-1.6525526,1.3189902,1.0
177,177,TDJC01019,7,1,TDJC01019-1,0,26,0.7232291,-0.9132685,0.0
178,178,TDJC01030,7,0,TDJC01030-0,1,26,2.0133684,-1.7360454,0.0
179,179,TDJC01030,7,1,TDJC01030-1,0,26,2.463035,-2.65661,0.0
180,180,TDJC01582,7,3,TDJC01582-3,0,26,2.6112678,-2.4840412,0.0
181,181,TDJC01582,7,4,TDJC01582-4,0,26,3.406324,-3.4513364,0.0
182,182,TDJC01582,7,7,TDJC01582-7,0,26,2.9583642,-2.9194899,0.0
183,183,TDJC01582,7,2,TDJC01582-2,0,26,3.068409,-3.4726322,0.0
184,184,TDJC01582,7,1,TDJC01582-1,0,26,1.9809756,-2.0491762,0.0
185,185,TDJC01582,7,6,TDJC01582-6,0,26,5.0870576,-4.274407,0.0
186,186,TDJC01582,7,5,TDJC01582-5,0,26,4.982963,-4.8530917,0.0
187,187,TDJC01582,7,0,TDJC01582-0,1,26,2.6408353,-3.3898163,0.0
188,188,TDJC01388,7,0,TDJC01388,1,26,0.064732805,-0.57015914,0.0
189,189,TDJC00612,7,0,TDJC00612,1,26,-1.187602,1.0141892,1.0
190,190,TDJC01249,7,0,TDJC01249-0,1,26,-0.7766627,0.4301372,1.0
191,191,TDJC01249,7,1,TDJC01249-1,0,26,2.1336231,-1.664705,0.0
192,192,TDJC01186,7,1,TDJC01186-1,0,26,3.6441097,-3.6916413,0.0
193,193,TDJC01186,7,0,TDJC01186-0,1,26,2.316712,-2.4321365,0.0
194,194,TDJC01281,7,0,TDJC01281,1,26,2.5811815,-2.789124,0.0
195,195,TDJC00871,7,0,TDJC00871-0,1,26,1.0710249,-1.2344012,0.0
196,196,TDJC00871,7,3,TDJC00871-3,0,26,1.6382382,-1.5704138,0.0
197,197,TDJC00871,7,2,TDJC00871-2,0,26,1.394666,-1.2237787,0.0
198,198,TDJC00871,7,1,TDJC00871-1,0,26,0.8662548,-1.174171,0.0
199,199,TDJC00580,7,0,TDJC00580-0,1,26,-0.8896867,0.68586177,1.0
200,200,TDJC00580,7,1,TDJC00580-1,0,26,-0.82068753,0.5400482,1.0
201,201,TDJC01093,8,1,TDJC01093-1,0,39,1.9182816,-1.211607,0.0
202,202,TDJC01093,8,0,TDJC01093-0,1,39,2.2644565,-2.4650958,0.0
203,203,TDJC00499,8,5,TDJC00499-5,0,39,0.6236785,-0.9928421,0.0
204,204,TDJC00499,8,2,TDJC00499-2,0,39,0.53940094,-0.3798583,0.0
205,205,TDJC00499,8,0,TDJC00499-0,1,39,1.8933707,-1.6807346,0.0
206,206,TDJC00499,8,1,TDJC00499-1,0,39,1.3490132,-1.5333385,0.0
207,207,TDJC00499,8,4,TDJC00499-4,0,39,1.1828327,-1.0284916,0.0
208,208,TDJC00499,8,3,TDJC00499-3,0,39,0.66784537,-1.0566337,0.0
209,209,TDJC00711,8,0,TDJC00711,1,39,-1.8308957,1.2829661,1.0
210,210,TDJC01155,8,5,TDJC01155-5,0,39,-2.3842335,2.0574043,1.0
211,211,TDJC01155,8,4,TDJC01155-4,0,39,3.1747718,-3.0980206,0.0
212,212,TDJC01155,8,2,TDJC01155-2,0,39,4.992614,-4.4778466,0.0
213,213,TDJC01155,8,3,TDJC01155-3,0,39,4.604207,-5.0949693,0.0
214,214,TDJC01155,8,1,TDJC01155-1,0,39,2.6517901,-2.6840572,0.0
215,215,TDJC01155,8,0,TDJC01155-0,1,39,2.0433364,-2.452474,0.0
216,216,TDJC00780,8,0,TDJC00780,1,39,-0.36309615,-0.1402529,1.0
217,217,TDJC01690,8,0,TDJC01690-0,1,39,-0.63980585,1.0312982,1.0
218,218,TDJC01690,8,1,TDJC01690-1,0,39,1.4899464,-1.768553,0.0
219,219,TDJC01475,8,0,TDJC01475,1,39,-0.14757007,-0.18593739,0.0
220,220,TDJC01093,8,1,TDJC01093-1,0,39,1.9182816,-1.211607,0.0
221,221,TDJC01093,8,0,TDJC01093-0,1,39,2.2644565,-2.4650958,0.0
222,222,TDJC01361,8,0,TDJC01361,1,39,-0.07032084,-0.43805987,0.0
223,223,TDJC00845,8,0,TDJC00845,1,39,-0.9274843,0.645878,1.0
224,224,TDJC01670,8,0,TDJC01670-0,1,39,0.085187815,0.12238611,1.0
225,225,TDJC01670,8,1,TDJC01670-1,0,39,2.8721824,-2.8125548,0.0
226,226,TDJC01281,8,0,TDJC01281,1,39,1.7400116,-1.9897285,0.0
227,227,TDJC00468,8,0,TDJC00468,1,39,3.7008305,-3.5564206,0.0
228,228,TDJC00379,8,0,TDJC00379-0,1,39,4.2084527,-3.6220324,0.0
229,229,TDJC00379,8,1,TDJC00379-1,0,39,4.754009,-5.1800165,0.0
230,230,TDJC01731,8,1,TDJC01731-1,0,39,0.8057997,-1.2114315,0.0
231,231,TDJC01731,8,0,TDJC01731-0,1,39,0.8096617,-1.0003846,0.0
232,232,TDJC01195,8,0,TDJC01195-0,1,39,-1.4866074,1.618533,1.0
233,233,TDJC01195,8,1,TDJC01195-1,0,39,0.87110627,-1.282226,0.0
234,234,TDJC00689,8,1,TDJC00689-1,0,39,-1.0577332,0.7822388,1.0
235,235,TDJC00689,8,0,TDJC00689-0,1,39,-1.348849,1.1361376,1.0
236,236,TDJC01019,8,0,TDJC01019-0,1,39,-2.2322154,1.975764,1.0
237,237,TDJC01019,8,1,TDJC01019-1,0,39,0.8359684,-1.0933828,0.0
238,238,TDJC00356,8,0,TDJC00356-0,1,39,1.6442174,-1.4873023,0.0
239,239,TDJC00356,8,1,TDJC00356-1,0,39,1.7832456,-1.9064153,0.0
240,240,TDJC00389,9,2,TDJC00389-2,0,33,-0.16086638,-0.22334544,0.0
241,241,TDJC00389,9,0,TDJC00389-0,1,33,3.2008622,-2.3355966,0.0
242,242,TDJC00389,9,1,TDJC00389-1,0,33,3.6462026,-3.7990823,0.0
243,243,TDJC00187,9,1,TDJC00187-1,0,33,1.8342206,-2.5961893,0.0
244,244,TDJC00187,9,0,TDJC00187-0,1,33,-0.015880771,-0.1979674,0.0
245,245,TDJC01229,9,2,TDJC01229-2,0,33,1.7205572,-1.9467757,0.0
246,246,TDJC01229,9,0,TDJC01229-0,1,33,1.7813302,-1.1764276,0.0
247,247,TDJC01229,9,1,TDJC01229-1,0,33,2.6724463,-3.0277796,0.0
248,248,TDJC00626,9,1,TDJC00626-1,0,33,-0.78664666,0.39384258,1.0
249,249,TDJC00626,9,0,TDJC00626-0,1,33,0.22125182,-0.19569321,0.0
250,250,TDJC00626,9,2,TDJC00626-2,0,33,0.6637724,-0.32156876,0.0
251,251,TDJC00956,9,1,TDJC00956-1,0,33,1.0890598,-1.2701614,0.0
252,252,TDJC00956,9,0,TDJC00956-0,1,33,-0.73006785,0.56220514,1.0
253,253,TDJC01753,9,0,TDJC01753,1,33,0.09344423,-0.18622662,0.0
254,254,TDJC01642,9,0,TDJC01642-0,1,33,0.39752096,-0.3912178,0.0
255,255,TDJC01642,9,1,TDJC01642-1,0,33,1.2918456,-1.2138752,0.0
256,256,TDJC00418,9,0,TDJC00418,1,33,1.4849651,-1.8378437,0.0
257,257,TDJC01002,9,1,TDJC01002-1,0,33,4.045419,-4.141359,0.0
258,258,TDJC01002,9,0,TDJC01002-0,1,33,3.966353,-3.7885122,0.0
259,259,TDJC01002,9,1,TDJC01002-1,0,33,4.045419,-4.141359,0.0
260,260,TDJC01002,9,0,TDJC01002-0,1,33,3.966353,-3.7885122,0.0
261,261,TDJC00187,9,1,TDJC00187-1,0,33,1.8342206,-2.5961893,0.0
262,262,TDJC00187,9,0,TDJC00187-0,1,33,-0.015880771,-0.1979674,0.0
263,263,TDJC01475,9,0,TDJC01475,1,33,1.7908467,-1.3920944,0.0
264,264,TDJC01388,9,0,TDJC01388,1,33,2.6283352,-2.6116333,0.0
265,265,TDJC00909,9,5,TDJC00909-5,0,33,1.4737544,-1.7743219,0.0
266,266,TDJC00909,9,0,TDJC00909-0,1,33,1.5643904,-1.5712413,0.0
267,267,TDJC00909,9,1,TDJC00909-1,0,33,1.6815865,-1.4362099,0.0
268,268,TDJC00909,9,3,TDJC00909-3,0,33,1.2835786,-1.7561997,0.0
269,269,TDJC00909,9,2,TDJC00909-2,0,33,0.12632465,0.40581092,1.0
270,270,TDJC00909,9,4,TDJC00909-4,0,33,2.1725776,-2.6216493,0.0
271,271,TDJC00627,9,0,TDJC00627-0,1,33,-1.775636,1.9707813,1.0
272,272,TDJC00627,9,1,TDJC00627-1,0,33,2.4758778,-2.912428,0.0
273,273,TDJC00787,10,0,TDJC00787,1,24,-0.20109755,-0.39734933,0.0
274,274,TDJC01725,10,0,TDJC01725-0,1,24,-1.0617826,1.3481069,1.0
275,275,TDJC01725,10,1,TDJC01725-1,0,24,0.7376592,-1.0698304,0.0
276,276,TDJC01583,10,0,TDJC01583,1,24,-0.6947684,0.4320403,1.0
277,277,TDJC00558,10,1,TDJC00558-1,0,24,-0.9872651,0.74764055,1.0
278,278,TDJC00558,10,0,TDJC00558-0,1,24,-2.041492,1.3997973,1.0
279,279,TDJC01155,10,5,TDJC01155-5,0,24,-2.0219822,1.701294,1.0
280,280,TDJC01155,10,4,TDJC01155-4,0,24,3.7111087,-3.51724,0.0
281,281,TDJC01155,10,2,TDJC01155-2,0,24,4.9370255,-4.582953,0.0
282,282,TDJC01155,10,3,TDJC01155-3,0,24,4.71016,-5.1964517,0.0
283,283,TDJC01155,10,1,TDJC01155-1,0,24,3.1655197,-3.231154,0.0
284,284,TDJC01155,10,0,TDJC01155-0,1,24,3.6879463,-3.5257287,0.0
285,285,TDJC01361,10,0,TDJC01361,1,24,1.6958437,-2.2658901,0.0
286,286,TDJC00655,10,1,TDJC00655-1,0,24,0.61695874,-0.7130366,0.0
287,287,TDJC00655,10,0,TDJC00655-0,1,24,1.3434906,-1.0209901,0.0
288,288,TDJC00655,10,2,TDJC00655-2,0,24,1.0604855,-1.3972046,0.0
289,289,TDJC00271,10,1,TDJC00271-1,0,24,0.10020239,-0.09067882,0.0
290,290,TDJC00271,10,0,TDJC00271-0,1,24,1.5337667,-1.6046784,0.0
291,291,TDJC01195,10,0,TDJC01195-0,1,24,1.8305161,-1.7028043,0.0
292,292,TDJC01195,10,1,TDJC01195-1,0,24,4.0016246,-3.4177814,0.0
293,293,TDJC01186,10,1,TDJC01186-1,0,24,2.9665415,-3.4140368,0.0
294,294,TDJC01186,10,0,TDJC01186-0,1,24,0.58730304,-1.2425897,0.0
295,295,TDJC01002,10,1,TDJC01002-1,0,24,0.33985102,0.15057667,0.0
296,296,TDJC01002,10,0,TDJC01002-0,1,24,2.4406173,-2.3737302,0.0
297,297,TDJC00811,11,0,TDJC00811,1,14,-0.7957007,0.4898378,1.0
298,298,TDJC00494,11,0,TDJC00494-0,1,14,0.77540135,-0.30875525,0.0
299,299,TDJC00494,11,2,TDJC00494-2,0,14,1.6079599,-1.9507034,0.0
300,300,TDJC00494,11,1,TDJC00494-1,0,14,-0.31032944,0.5584416,1.0
301,301,TDJC00494,11,3,TDJC00494-3,0,14,1.8113165,-2.1630368,0.0
302,302,TDJC00008,11,1,TDJC00008-1,0,14,-1.385858,1.3241452,1.0
303,303,TDJC00008,11,0,TDJC00008-0,1,14,2.3170261,-2.0010512,0.0
304,304,TDJC00169,11,1,TDJC00169-1,0,14,0.72673696,-1.2676156,0.0
305,305,TDJC00169,11,0,TDJC00169-0,1,14,-0.20179993,0.058063775,1.0
306,306,TDJC00655,11,1,TDJC00655-1,0,14,-0.48964024,0.4156197,1.0
307,307,TDJC00655,11,0,TDJC00655-0,1,14,0.017692797,0.003284173,0.0
308,308,TDJC00655,11,2,TDJC00655-2,0,14,0.21783781,-0.34310868,0.0
309,309,TDJC01093,11,1,TDJC01093-1,0,14,-0.5792072,0.6992789,1.0
310,310,TDJC01093,11,0,TDJC01093-0,1,14,0.64775205,-0.867624,0.0
311,311,TDJC00203,12,1,TDJC00203-1,0,17,2.447147,-2.322537,0.0
312,312,TDJC00203,12,0,TDJC00203-0,1,17,2.27775,-2.2075272,0.0
313,313,TDJC00493,12,0,TDJC00493,1,17,2.2311683,-2.1511436,0.0
314,314,TDJC00845,12,0,TDJC00845,1,17,-0.6390195,0.5542571,1.0
315,315,TDJC00212,12,1,TDJC00212-1,0,17,-0.62683916,0.7171281,1.0
316,316,TDJC00212,12,0,TDJC00212-0,1,17,-0.08485182,-0.5092916,0.0
317,317,TDJC00627,12,0,TDJC00627-0,1,17,-2.1373162,2.6164818,1.0
318,318,TDJC00627,12,1,TDJC00627-1,0,17,2.741098,-3.4178777,0.0
319,319,TDJC01111,12,0,TDJC01111-0,1,17,-2.9843497,2.5110245,1.0
320,320,TDJC01111,12,1,TDJC01111-1,0,17,-0.072996855,-0.19442572,0.0
321,321,TDJC00689,12,1,TDJC00689-1,0,17,-0.7936249,0.6193456,1.0
322,322,TDJC00689,12,0,TDJC00689-0,1,17,-1.232991,0.9612991,1.0
323,323,TDJC01014,12,1,TDJC01014-1,0,17,2.7468882,-2.6349573,0.0
324,324,TDJC01014,12,0,TDJC01014-0,1,17,1.6771255,-1.9723308,0.0
325,325,TDJC01014,12,1,TDJC01014-1,0,17,2.7468882,-2.6349573,0.0
326,326,TDJC01014,12,0,TDJC01014-0,1,17,1.6771255,-1.9723308,0.0
327,327,TDJC00493,12,0,TDJC00493,1,17,2.2311683,-2.1511436,0.0
328,328,TDJC00136,13,0,TDJC00136-0,1,29,-1.7226505,1.3411582,1.0
329,329,TDJC00136,13,1,TDJC00136-1,0,29,-0.7821593,0.6539481,1.0
330,330,TDJC01027,13,1,TDJC01027-1,0,29,1.7159986,-2.043141,0.0
331,331,TDJC01027,13,0,TDJC01027-0,1,29,1.9929068,-1.2012448,0.0
332,332,TDJC01027,13,3,TDJC01027-3,0,29,3.9267354,-4.2868037,0.0
333,333,TDJC01027,13,2,TDJC01027-2,0,29,-0.73488104,-0.20893048,1.0
334,334,TDJC00740,13,1,TDJC00740-1,0,29,-0.58771586,1.2385983,1.0
335,335,TDJC00740,13,3,TDJC00740-3,0,29,1.7853243,-2.0997481,0.0
336,336,TDJC00740,13,0,TDJC00740-0,1,29,-0.968668,0.9568036,1.0
337,337,TDJC00740,13,2,TDJC00740-2,0,29,0.7205529,-0.9977589,0.0
338,338,TDJC01583,13,0,TDJC01583,1,29,-0.77473176,0.610341,1.0
339,339,TDJC01670,13,0,TDJC01670-0,1,29,2.344376,-1.5741086,0.0
340,340,TDJC01670,13,1,TDJC01670-1,0,29,2.3865604,-2.9384341,0.0
341,341,TDJC00494,13,0,TDJC00494-0,1,29,0.06685834,0.010939611,0.0
342,342,TDJC00494,13,2,TDJC00494-2,0,29,1.5314512,-1.7182059,0.0
343,343,TDJC00494,13,1,TDJC00494-1,0,29,-0.26499146,0.4816266,1.0
344,344,TDJC00494,13,3,TDJC00494-3,0,29,1.776253,-2.0923915,0.0
345,345,TDJC01596,13,4,TDJC01596-4,0,29,-2.1422834,1.4637547,1.0
346,346,TDJC01596,13,5,TDJC01596-5,0,29,0.7743925,-0.4741775,0.0
347,347,TDJC01596,13,7,TDJC01596-7,0,29,4.379029,-3.6169991,0.0
348,348,TDJC01596,13,6,TDJC01596-6,0,29,2.548946,-3.3921127,0.0
349,349,TDJC01596,13,0,TDJC01596-0,1,29,1.3157082,-1.2995348,0.0
350,350,TDJC01596,13,1,TDJC01596-1,0,29,2.7775183,-2.2025425,0.0
351,351,TDJC01596,13,2,TDJC01596-2,0,29,1.2330742,-1.9068294,0.0
352,352,TDJC01596,13,3,TDJC01596-3,0,29,-1.1786757,1.0101514,1.0
353,353,TDJC01030,13,0,TDJC01030-0,1,29,-1.9707866,1.8567774,1.0
354,354,TDJC01030,13,1,TDJC01030-1,0,29,-0.31835502,-0.054220803,1.0
355,355,TDJC00580,13,0,TDJC00580-0,1,29,-0.23625863,0.047549635,1.0
356,356,TDJC00580,13,1,TDJC00580-1,0,29,-0.5763129,0.35513172,1.0
357,357,TDJC01105,14,0,TDJC01105-0,1,15,-2.2309823,1.7765338,1.0
358,358,TDJC01105,14,1,TDJC01105-1,0,15,-0.8811432,0.3426511,1.0
359,359,TDJC00613,14,0,TDJC00613-0,1,15,-2.5107565,2.1705666,1.0
360,360,TDJC00613,14,4,TDJC00613-4,0,15,-1.4816158,1.0080359,1.0
361,361,TDJC00613,14,1,TDJC00613-1,0,15,-0.78648126,0.271265,1.0
362,362,TDJC00613,14,2,TDJC00613-2,0,15,-0.2668652,0.60815233,1.0
363,363,TDJC00613,14,3,TDJC00613-3,0,15,1.5743756,-1.8273757,0.0
364,364,TDJC00407,14,0,TDJC00407,1,15,-0.62190485,0.63153285,1.0
365,365,TDJC00412,14,0,TDJC00412,1,15,0.979105,-1.1285784,0.0
366,366,TDJC00136,14,0,TDJC00136-0,1,15,-1.0816488,0.85463184,1.0
367,367,TDJC00136,14,1,TDJC00136-1,0,15,-0.55889165,0.3536174,1.0
368,368,TDJC00811,14,0,TDJC00811,1,15,-1.1591241,1.2059042,1.0
369,369,TDJC00689,14,1,TDJC00689-1,0,15,0.72758627,-1.1360745,0.0
370,370,TDJC00689,14,0,TDJC00689-0,1,15,-1.6049125,1.3108373,1.0
371,371,TDJC00845,14,0,TDJC00845,1,15,-1.4135945,1.0729723,1.0
372,372,TDJC00689,15,1,TDJC00689-1,0,37,-1.7988927,1.4699715,1.0
373,373,TDJC00689,15,0,TDJC00689-0,1,37,-0.7055928,0.49745056,1.0
374,374,TDJC00754,15,0,TDJC00754,1,37,-0.5370803,0.055934787,1.0
375,375,TDJC01670,15,0,TDJC01670-0,1,37,-1.3064994,1.4301469,1.0
376,376,TDJC01670,15,1,TDJC01670-1,0,37,2.48141,-2.7255247,0.0
377,377,TDJC00275,15,2,TDJC00275-2,0,37,0.19920817,-0.00024284981,0.0
378,378,TDJC00275,15,3,TDJC00275-3,0,37,3.68995,-3.2750177,0.0
379,379,TDJC00275,15,0,TDJC00275-0,1,37,3.3255196,-2.7585988,0.0
380,380,TDJC00275,15,1,TDJC00275-1,0,37,2.7263052,-3.6541247,0.0
381,381,TDJC00368,15,0,TDJC00368-0,1,37,3.7081075,-3.4434917,0.0
382,382,TDJC00368,15,1,TDJC00368-1,0,37,3.3352227,-3.8923287,0.0
383,383,TDJC00580,15,0,TDJC00580-0,1,37,-1.6053288,1.3037884,1.0
384,384,TDJC00580,15,1,TDJC00580-1,0,37,-1.3689203,0.7908225,1.0
385,385,TDJC00379,15,0,TDJC00379-0,1,37,-0.4532721,0.78733337,1.0
386,386,TDJC00379,15,1,TDJC00379-1,0,37,2.5278854,-2.5927548,0.0
387,387,TDJC00203,15,1,TDJC00203-1,0,37,0.45398638,-0.55938566,0.0
388,388,TDJC00203,15,0,TDJC00203-0,1,37,1.0903149,-1.2841905,0.0
389,389,TDJC00580,15,0,TDJC00580-0,1,37,-1.6053288,1.3037884,1.0
390,390,TDJC00580,15,1,TDJC00580-1,0,37,-1.3689203,0.7908225,1.0
391,391,TDJC01155,15,5,TDJC01155-5,0,37,-0.6283828,0.3851352,1.0
392,392,TDJC01155,15,4,TDJC01155-4,0,37,3.8157904,-3.260664,0.0
393,393,TDJC01155,15,2,TDJC01155-2,0,37,5.1192946,-4.75885,0.0
394,394,TDJC01155,15,3,TDJC01155-3,0,37,4.5713096,-5.0077205,0.0
395,395,TDJC01155,15,1,TDJC01155-1,0,37,2.380445,-2.4728007,0.0
396,396,TDJC01155,15,0,TDJC01155-0,1,37,1.4933448,-1.8936658,0.0
397,397,TDJC00531,15,1,TDJC00531-1,0,37,-0.8501069,0.60437864,1.0
398,398,TDJC00531,15,0,TDJC00531-0,1,37,-0.65183705,0.21553603,1.0
399,399,TDJC00275,15,2,TDJC00275-2,0,37,0.19920817,-0.00024284981,0.0
400,400,TDJC00275,15,3,TDJC00275-3,0,37,3.68995,-3.2750177,0.0
401,401,TDJC00275,15,0,TDJC00275-0,1,37,3.3255196,-2.7585988,0.0
402,402,TDJC00275,15,1,TDJC00275-1,0,37,2.7263052,-3.6541247,0.0
403,403,TDJC00711,15,0,TDJC00711,1,37,-2.4479651,2.076747,1.0
404,404,TDJC00613,15,0,TDJC00613-0,1,37,-2.473224,2.1997318,1.0
405,405,TDJC00613,15,4,TDJC00613-4,0,37,-1.8315704,1.2734433,1.0
406,406,TDJC00613,15,1,TDJC00613-1,0,37,-0.9885613,0.44093344,1.0
407,407,TDJC00613,15,2,TDJC00613-2,0,37,-0.66805327,0.871391,1.0
408,408,TDJC00613,15,3,TDJC00613-3,0,37,1.5271543,-1.8306644,0.0
409,409,TDJC00993,16,1,TDJC00993-1,0,27,0.083235174,0.33399293,1.0
410,410,TDJC00993,16,0,TDJC00993-0,1,27,1.430397,-1.5552499,0.0
411,411,TDJC00963,16,0,TDJC00963-0,1,27,-0.21688807,0.09276088,1.0
412,412,TDJC00963,16,1,TDJC00963-1,0,27,0.2561195,-0.28747106,0.0
413,413,TDJC00169,16,1,TDJC00169-1,0,27,-0.066274844,-0.031581245,1.0
414,414,TDJC00169,16,0,TDJC00169-0,1,27,0.6332512,-0.784507,0.0
415,415,TDJC01537,16,1,TDJC01537-1,0,27,1.7041345,-1.3121369,0.0
416,416,TDJC01537,16,0,TDJC01537-0,1,27,3.159512,-3.164528,0.0
417,417,TDJC01390,16,0,TDJC01390,1,27,1.6137064,-2.1587858,0.0
418,418,TDJC00379,16,0,TDJC00379-0,1,27,2.7206469,-1.7439849,0.0
419,419,TDJC00379,16,1,TDJC00379-1,0,27,3.0384383,-3.6246586,0.0
420,420,TDJC00612,16,0,TDJC00612,1,27,-1.3225858,0.8484426,1.0
421,421,TDJC01753,16,0,TDJC01753,1,27,-0.37748164,0.07676147,1.0
422,422,TDJC00275,16,2,TDJC00275-2,0,27,0.7017971,-0.42447516,0.0
423,423,TDJC00275,16,3,TDJC00275-3,0,27,3.9170275,-3.6075113,0.0
424,424,TDJC00275,16,0,TDJC00275-0,1,27,3.9536924,-3.8833103,0.0
425,425,TDJC00275,16,1,TDJC00275-1,0,27,5.050675,-5.021092,0.0
426,426,TDJC00407,16,0,TDJC00407,1,27,3.6932268,-4.263496,0.0
427,427,TDJC00424,16,0,TDJC00424-0,1,27,3.947987,-3.188322,0.0
428,428,TDJC00424,16,1,TDJC00424-1,0,27,4.723617,-5.1244817,0.0
429,429,TDJC00418,16,0,TDJC00418,1,27,0.0614822,-1.0272167,0.0
430,430,TDJC00993,16,1,TDJC00993-1,0,27,0.083235174,0.33399293,1.0
431,431,TDJC00993,16,0,TDJC00993-0,1,27,1.430397,-1.5552499,0.0
432,432,TDJC00915,16,0,TDJC00915-0,1,27,0.9743501,-0.49596003,0.0
433,433,TDJC00915,16,1,TDJC00915-1,0,27,2.1573873,-2.4914203,0.0
434,434,TDJC01690,16,0,TDJC01690-0,1,27,-1.5185149,1.4900453,1.0
435,435,TDJC01690,16,1,TDJC01690-1,0,27,0.30495858,-0.56527156,0.0
436,436,TDJC00871,17,0,TDJC00871-0,1,43,0.8989985,-1.2282963,0.0
437,437,TDJC00871,17,3,TDJC00871-3,0,43,1.3351153,-1.2592161,0.0
438,438,TDJC00871,17,2,TDJC00871-2,0,43,1.8632159,-1.6777035,0.0
439,439,TDJC00871,17,1,TDJC00871-1,0,43,1.7525644,-2.0107512,0.0
440,440,TDJC01679,17,1,TDJC01679-1,0,43,0.9542567,-1.1044607,0.0
441,441,TDJC01679,17,0,TDJC01679-0,1,43,1.9377793,-1.9824321,0.0
442,442,TDJC01578,17,0,TDJC01578-0,1,43,3.1769085,-2.523483,0.0
443,443,TDJC01578,17,1,TDJC01578-1,0,43,4.2098093,-4.63893,0.0
444,444,TDJC00356,17,0,TDJC00356-0,1,43,1.352421,-1.8208019,0.0
445,445,TDJC00356,17,1,TDJC00356-1,0,43,3.1692276,-2.7293177,0.0
446,446,TDJC01388,17,0,TDJC01388,1,43,3.158341,-3.1828666,0.0
447,447,TDJC00010,17,0,TDJC00010,1,43,2.143185,-2.4583323,0.0
448,448,TDJC01165,17,0,TDJC01165,1,43,1.3721179,-1.4866701,0.0
449,449,TDJC00909,17,5,TDJC00909-5,0,43,1.5366757,-1.5039307,0.0
450,450,TDJC00909,17,0,TDJC00909-0,1,43,1.6348097,-1.6842234,0.0
451,451,TDJC00909,17,1,TDJC00909-1,0,43,1.7318171,-1.5602366,0.0
452,452,TDJC00909,17,3,TDJC00909-3,0,43,1.3708088,-1.8657258,0.0
453,453,TDJC00909,17,2,TDJC00909-2,0,43,0.5274892,-0.092810795,0.0
454,454,TDJC00909,17,4,TDJC00909-4,0,43,3.0735922,-3.1122136,0.0
455,455,TDJC01731,17,1,TDJC01731-1,0,43,-0.1160237,-0.81263834,0.0
456,456,TDJC01731,17,0,TDJC01731-0,1,43,1.4194832,-0.66883975,0.0
457,457,TDJC01582,17,3,TDJC01582-3,0,43,4.827227,-4.35125,0.0
458,458,TDJC01582,17,4,TDJC01582-4,0,43,2.8413792,-3.4639897,0.0
459,459,TDJC01582,17,7,TDJC01582-7,0,43,2.9856892,-2.7495754,0.0
460,460,TDJC01582,17,2,TDJC01582-2,0,43,3.0501835,-3.472303,0.0
461,461,TDJC01582,17,1,TDJC01582-1,0,43,1.9062297,-1.9929624,0.0
462,462,TDJC01582,17,6,TDJC01582-6,0,43,4.9708495,-4.0404406,0.0
463,463,TDJC01582,17,5,TDJC01582-5,0,43,4.6624312,-4.57954,0.0
464,464,TDJC01582,17,0,TDJC01582-0,1,43,1.547842,-2.6093361,0.0
465,465,TDJC00659,17,4,TDJC00659-4,0,43,-2.3206675,1.8686163,1.0
466,466,TDJC00659,17,2,TDJC00659-2,0,43,0.21415791,-0.1355517,0.0
467,467,TDJC00659,17,1,TDJC00659-1,0,43,4.3115015,-3.6086686,0.0
468,468,TDJC00659,17,5,TDJC00659-5,0,43,3.752279,-3.5543718,0.0
469,469,TDJC00659,17,3,TDJC00659-3,0,43,2.41748,-3.1858246,0.0
470,470,TDJC00659,17,0,TDJC00659-0,1,43,-0.8258057,0.16954716,1.0
471,471,TDJC00008,17,1,TDJC00008-1,0,43,-1.4170635,1.8946893,1.0
472,472,TDJC00008,17,0,TDJC00008-0,1,43,2.4751465,-2.998704,0.0
473,473,TDJC01155,17,5,TDJC01155-5,0,43,0.9100257,-1.123944,0.0
474,474,TDJC01155,17,4,TDJC01155-4,0,43,4.7294607,-3.980183,0.0
475,475,TDJC01155,17,2,TDJC01155-2,0,43,5.58099,-5.3108335,0.0
476,476,TDJC01155,17,3,TDJC01155-3,0,43,4.7819667,-5.2565956,0.0
477,477,TDJC01155,17,1,TDJC01155-1,0,43,2.9083328,-2.9869647,0.0
478,478,TDJC01155,17,0,TDJC01155-0,1,43,2.6827474,-2.9241714,0.0
479,479,TDJC00807,18,0,TDJC00807,1,38,-1.2614529,1.6879076,1.0
480,480,TDJC00102,18,0,TDJC00102-0,1,38,-2.8833482,2.9725559,1.0
481,481,TDJC00102,18,1,TDJC00102-1,0,38,3.235752,-3.5566964,0.0
482,482,TDJC01002,18,1,TDJC01002-1,0,38,0.22800577,-0.6123936,0.0
483,483,TDJC01002,18,0,TDJC01002-0,1,38,4.2558045,-3.435444,0.0
484,484,TDJC00071,18,1,TDJC00071-1,0,38,4.660894,-4.652508,0.0
485,485,TDJC00071,18,0,TDJC00071-0,1,38,4.158028,-4.3985167,0.0
486,486,TDJC01582,18,3,TDJC01582-3,0,38,3.894854,-3.8284833,0.0
487,487,TDJC01582,18,4,TDJC01582-4,0,38,3.6898432,-3.9625034,0.0
488,488,TDJC01582,18,7,TDJC01582-7,0,38,2.9097931,-2.8594987,0.0
489,489,TDJC01582,18,2,TDJC01582-2,0,38,3.068512,-3.472155,0.0
490,490,TDJC01582,18,1,TDJC01582-1,0,38,1.949868,-2.0178268,0.0
491,491,TDJC01582,18,6,TDJC01582-6,0,38,5.0702696,-4.220485,0.0
492,492,TDJC01582,18,5,TDJC01582-5,0,38,4.893225,-4.6879067,0.0
493,493,TDJC01582,18,0,TDJC01582-0,1,38,1.8949208,-3.2608104,0.0
494,494,TDJC01155,18,5,TDJC01155-5,0,38,-1.0740716,1.105743,1.0
495,495,TDJC01155,18,4,TDJC01155-4,0,38,4.2556286,-3.6139104,0.0
496,496,TDJC01155,18,2,TDJC01155-2,0,38,5.374334,-5.062432,0.0
497,497,TDJC01155,18,3,TDJC01155-3,0,38,4.798672,-5.277703,0.0
498,498,TDJC01155,18,1,TDJC01155-1,0,38,2.9014027,-3.405392,0.0
499,499,TDJC01155,18,0,TDJC01155-0,1,38,3.4156969,-3.030534,0.0
500,500,TDJC00493,18,0,TDJC00493,1,38,4.349993,-4.5750785,0.0
501,501,TDJC00275,18,2,TDJC00275-2,0,38,2.9354835,-2.9956155,0.0
502,502,TDJC00275,18,3,TDJC00275-3,0,38,4.418349,-4.326556,0.0
503,503,TDJC00275,18,0,TDJC00275-0,1,38,3.317607,-2.8210058,0.0
504,504,TDJC00275,18,1,TDJC00275-1,0,38,2.8618622,-3.7035418,0.0
505,505,TDJC00613,18,0,TDJC00613-0,1,38,-2.9150715,2.6042073,1.0
506,506,TDJC00613,18,4,TDJC00613-4,0,38,-1.4061615,1.0931501,1.0
507,507,TDJC00613,18,1,TDJC00613-1,0,38,-0.8112904,0.24891539,1.0
508,508,TDJC00613,18,2,TDJC00613-2,0,38,-0.6136291,1.0069196,1.0
509,509,TDJC00613,18,3,TDJC00613-3,0,38,1.4314039,-2.0525665,0.0
510,510,TDJC00102,18,0,TDJC00102-0,1,38,-2.8833482,2.9725559,1.0
511,511,TDJC00102,18,1,TDJC00102-1,0,38,3.235752,-3.5566964,0.0
512,512,TDJC01679,18,1,TDJC01679-1,0,38,1.4943434,-1.5697098,0.0
513,513,TDJC01679,18,0,TDJC01679-0,1,38,2.664689,-2.6422853,0.0
514,514,TDJC01642,18,0,TDJC01642-0,1,38,0.5525557,-0.8976939,0.0
515,515,TDJC01642,18,1,TDJC01642-1,0,38,0.083261244,-0.35347393,0.0
516,516,TDJC00807,18,0,TDJC00807,1,38,-1.2614529,1.6879076,1.0
517,517,TDJC01539,19,0,TDJC01539,1,21,-1.0885465,0.9512268,1.0
518,518,TDJC00871,19,0,TDJC00871-0,1,21,2.0751095,-1.9445744,0.0
519,519,TDJC00871,19,3,TDJC00871-3,0,21,1.6499162,-1.7225089,0.0
520,520,TDJC00871,19,2,TDJC00871-2,0,21,1.5389743,-1.3798795,0.0
521,521,TDJC00871,19,1,TDJC00871-1,0,21,0.6946738,-1.0237067,0.0
522,522,TDJC00754,19,0,TDJC00754,1,21,-1.0113513,0.6318417,1.0
523,523,TDJC01539,19,0,TDJC01539,1,21,-1.0885465,0.9512268,1.0
524,524,TDJC00368,19,0,TDJC00368-0,1,21,2.4542074,-1.8085778,0.0
525,525,TDJC00368,19,1,TDJC00368-1,0,21,2.2579522,-2.6599388,0.0
526,526,TDJC00558,19,1,TDJC00558-1,0,21,-0.20744714,-0.24282356,0.0
527,527,TDJC00558,19,0,TDJC00558-0,1,21,-1.11169,1.1223481,1.0
528,528,TDJC00412,19,0,TDJC00412,1,21,-0.3481444,-0.19360025,1.0
529,529,TDJC01690,19,0,TDJC01690-0,1,21,0.3165143,-0.21552815,0.0
530,530,TDJC01690,19,1,TDJC01690-1,0,21,3.6838422,-2.925653,0.0
531,531,TDJC01679,19,1,TDJC01679-1,0,21,3.6943436,-3.5443754,0.0
532,532,TDJC01679,19,0,TDJC01679-0,1,21,1.3780838,-2.2068534,0.0
533,533,TDJC00811,19,0,TDJC00811,1,21,-1.9262156,1.6684973,1.0
534,534,TDJC01249,19,0,TDJC01249-0,1,21,-0.8003526,0.6540391,1.0
535,535,TDJC01249,19,1,TDJC01249-1,0,21,1.599098,-1.8956869,0.0
536,536,TDJC00379,19,0,TDJC00379-0,1,21,2.5686588,-1.9710562,0.0
537,537,TDJC00379,19,1,TDJC00379-1,0,21,4.738519,-4.7574162,0.0
538,538,TDJC00531,20,1,TDJC00531-1,0,14,0.011698,-0.25644556,0.0
539,539,TDJC00531,20,0,TDJC00531-0,1,14,-0.91575944,0.69333935,1.0
540,540,TDJC01446,20,0,TDJC01446,1,14,-1.8539053,1.596128,1.0
541,541,TDJC01030,20,0,TDJC01030-0,1,14,-1.1892203,0.8593758,1.0
542,542,TDJC01030,20,1,TDJC01030-1,0,14,-0.6604624,0.47173777,1.0
543,543,TDJC00531,20,1,TDJC00531-1,0,14,0.011698,-0.25644556,0.0
544,544,TDJC00531,20,0,TDJC00531-0,1,14,-0.91575944,0.69333935,1.0
545,545,TDJC01659,20,1,TDJC01659-1,0,14,-1.3889104,1.3133345,1.0
546,546,TDJC01659,20,0,TDJC01659-0,1,14,1.3116765,-1.2185748,0.0
547,547,TDJC00963,20,0,TDJC00963-0,1,14,0.98800695,-1.221123,0.0
548,548,TDJC00963,20,1,TDJC00963-1,0,14,0.099814884,-0.19069122,0.0
549,549,TDJC00493,20,0,TDJC00493,1,14,0.1300956,-0.3144521,0.0
550,550,TDJC01195,20,0,TDJC01195-0,1,14,-0.5996443,0.8528347,1.0
551,551,TDJC01195,20,1,TDJC01195-1,0,14,1.1801908,-1.434462,0.0
